tick,fraction
1,0.02
2,0.028
3,0.025
4,0.037
5,0.05
6,0.057
7,0.071
8,0.075
9,0.073
10,0.074
11,0.078
12,0.095
13,0.114
14,0.114
15,0.112
16,0.107
17,0.101
18,0.101
19,0.102
20,0.09
21,0.111
22,0.128
23,0.159
24,0.162
25,0.169
26,0.157
27,0.154
28,0.142
29,0.175
30,0.195
31,0.194
32,0.198
33,0.191
34,0.202
35,0.19
36,0.224
37,0.216
38,0.236
39,0.246
40,0.254
41,0.277
42,0.284
43,0.299
44,0.319
45,0.334
46,0.35
47,0.363
48,0.369
49,0.359
50,0.378
51,0.359
52,0.362
53,0.358
54,0.36
55,0.353
56,0.35
57,0.347
58,0.35
59,0.349
60,0.355
61,0.359
62,0.362
63,0.373
64,0.383
65,0.394
66,0.387
67,0.359
68,0.363
69,0.373
70,0.37
71,0.363
72,0.34
73,0.321
74,0.341
75,0.332
76,0.339
77,0.342
78,0.349
79,0.324
80,0.336
81,0.343
82,0.337
83,0.348
84,0.365
85,0.371
86,0.35
87,0.344
88,0.346
89,0.374
90,0.376
91,0.399
92,0.407
93,0.425
94,0.417
95,0.434
96,0.454
97,0.453
98,0.459
99,0.478
100,0.485
101,0.501
102,0.494
103,0.508
104,0.526
105,0.495
106,0.504
107,0.511
108,0.484
109,0.466
110,0.455
111,0.472
112,0.483
113,0.476
114,0.479
115,0.49
116,0.472
117,0.476
118,0.448
119,0.415
120,0.431
121,0.439
122,0.438
123,0.433
124,0.428
125,0.437
126,0.431
127,0.43
128,0.444
129,0.467
130,0.492
131,0.493
132,0.486
133,0.518
134,0.508
135,0.491
136,0.479
137,0.488
138,0.481
139,0.471
140,0.476
141,0.505
142,0.504
143,0.507
144,0.492
145,0.489
146,0.514
147,0.522
148,0.531
149,0.493
150,0.495
151,0.486
152,0.462
153,0.444
154,0.47
155,0.488
156,0.476
157,0.458
158,0.493
159,0.543
160,0.548
161,0.545
162,0.565
163,0.576
164,0.548
165,0.544
166,0.558
167,0.566
168,0.583
169,0.58
170,0.568
171,0.58
172,0.566
173,0.568
174,0.544
175,0.527
176,0.511
177,0.5
178,0.491
179,0.502
180,0.52
181,0.542
182,0.546
183,0.54
184,0.545
185,0.525
186,0.52
187,0.512
188,0.502
189,0.489
190,0.494
191,0.499
192,0.512
193,0.524
194,0.533
195,0.565
196,0.581
197,0.58
198,0.587
199,0.571
200,0.55
201,0.543
202,0.558
203,0.548
204,0.572
205,0.583
206,0.608
207,0.635
208,0.64
209,0.631
210,0.634
211,0.627
212,0.646
213,0.647
214,0.688
215,0.692
216,0.665
217,0.675
218,0.631
219,0.632
220,0.636
221,0.663
222,0.67
223,0.658
224,0.658
225,0.67
226,0.674
227,0.669
228,0.65
229,0.674
230,0.66
231,0.639
232,0.656
233,0.657
234,0.645
235,0.67
236,0.693
237,0.692
238,0.704
239,0.73
240,0.721
241,0.737
242,0.704
243,0.722
244,0.728
245,0.758
246,0.769
247,0.792
248,0.809
249,0.813
250,0.832
251,0.819
252,0.817
253,0.84
254,0.857
255,0.846
256,0.868
257,0.876
258,0.861
259,0.867
260,0.888
261,0.893
262,0.894
263,0.898
264,0.915
265,0.909
266,0.914
267,0.907
268,0.905
269,0.906
270,0.887
271,0.894
272,0.91
273,0.914
274,0.927
275,0.935
276,0.94
277,0.942
278,0.943
279,0.944
280,0.946
281,0.944
282,0.958
283,0.952
284,0.95
285,0.945
286,0.939
287,0.953
288,0.956
289,0.953
290,0.951
291,0.956
292,0.961
293,0.962
294,0.95
295,0.953
296,0.95
297,0.949
298,0.956
299,0.941
300,0.937
301,0.946
302,0.945
303,0.94
304,0.928
305,0.924
306,0.918
307,0.943
308,0.942
309,0.952
310,0.954
311,0.957
312,0.955
313,0.963
314,0.961
315,0.966
316,0.976
317,0.983
318,0.968
319,0.972
320,0.968
321,0.973
322,0.97
323,0.973
324,0.972
325,0.963
326,0.97
327,0.973
328,0.983
329,0.981
330,0.98
331,0.98
332,0.976
333,0.98
334,0.979
335,0.979
336,0.969
337,0.968
338,0.959
339,0.97
340,0.969
341,0.972
342,0.979
343,0.974
344,0.975
345,0.964
346,0.962
347,0.96
348,0.957
349,0.961
350,0.956
351,0.959
352,0.97
353,0.978
354,0.973
355,0.962
356,0.967
357,0.974
358,0.968
359,0.977
360,0.974
361,0.962
362,0.968
363,0.976
364,0.977
365,0.98
366,0.989
367,0.985
368,0.98
369,0.979
370,0.978
371,0.985
372,0.978
373,0.98
374,0.981
375,0.978
376,0.978
377,0.969
378,0.967
379,0.964
380,0.975
381,0.974
382,0.973
383,0.98
384,0.977
385,0.98
386,0.977
387,0.976
388,0.982
389,0.981
390,0.979
391,0.972
392,0.977
393,0.978
394,0.973
395,0.964
396,0.973
397,0.977
398,0.975
399,0.978
400,0.986
401,0.98
402,0.981
403,0.982
404,0.98
405,0.988
406,0.986
407,0.98
408,0.981
409,0.986
410,0.981
411,0.974
412,0.979
413,0.978
414,0.978
415,0.982
416,0.988
417,0.985
418,0.988
419,0.981
420,0.977
421,0.977
422,0.976
423,0.973
424,0.978
425,0.979
426,0.981
427,0.982
428,0.989
429,0.982
430,0.974
431,0.972
432,0.975
433,0.974
434,0.979
435,0.983
436,0.987
437,0.982
438,0.986
439,0.981
440,0.972
441,0.976
442,0.983
443,0.987
444,0.979
445,0.975
446,0.973
447,0.98
448,0.988
449,0.985
450,0.981
451,0.982
452,0.977
453,0.983
454,0.991
455,0.988
456,0.98
457,0.98
458,0.979
459,0.975
460,0.968
461,0.966
462,0.975
463,0.975
464,0.979
465,0.985
466,0.985
467,0.979
468,0.98
469,0.978
470,0.98
471,0.978
472,0.982
473,0.98
474,0.983
475,0.981
476,0.975
477,0.986
478,0.984
479,0.991
480,0.982
481,0.982
482,0.979
483,0.979
484,0.979
485,0.977
486,0.98
487,0.977
488,0.978
489,0.975
490,0.975
491,0.983
492,0.978
493,0.981
494,0.984
495,0.984
496,0.983
497,0.983
498,0.977
499,0.98
500,0.981
501,0.979
502,0.981
503,0.978
504,0.977
505,0.979
506,0.982
507,0.978
508,0.985
509,0.987
510,0.978
511,0.979
512,0.98
513,0.984
514,0.98
515,0.97
516,0.974
517,0.972
518,0.982
519,0.981
520,0.99
521,0.987
522,0.987
523,0.99
524,0.986
525,0.985
526,0.979
527,0.979
528,0.986
529,0.986
530,0.985
531,0.986
532,0.987
533,0.989
534,0.99
535,0.98
536,0.99
537,0.99
538,0.986
539,0.991
540,0.989
541,0.991
542,0.985
543,0.987
544,0.98
545,0.979
546,0.984
547,0.979
548,0.988
549,0.982
550,0.981
551,0.981
552,0.978
553,0.963
554,0.974
555,0.974
556,0.977
557,0.976
558,0.983
559,0.976
560,0.977
561,0.979
562,0.978
563,0.982
564,0.976
565,0.978
566,0.977
567,0.98
568,0.987
569,0.987
570,0.994
571,0.99
572,0.987
573,0.982
574,0.979
575,0.981
576,0.981
577,0.986
578,0.981
579,0.984
580,0.989
581,0.993
582,0.987
583,0.986
584,0.99
585,0.984
586,0.987
587,0.987
588,0.986
589,0.986
590,0.98
591,0.983
592,0.977
593,0.982
594,0.987
595,0.985
596,0.989
597,0.989
598,0.982
599,0.988
600,0.986
601,0.986
602,0.981
603,0.983
604,0.982
605,0.987
606,0.982
607,0.98
608,0.983
609,0.981
610,0.977
611,0.979
612,0.985
613,0.988
614,0.989
615,0.984
616,0.989
617,0.988
618,0.99
619,0.983
620,0.989
621,0.986
622,0.981
623,0.986
624,0.982
625,0.983
626,0.982
627,0.983
628,0.983
629,0.982
630,0.981
631,0.987
632,0.985
633,0.988
634,0.987
635,0.987
636,0.98
637,0.978
638,0.983
639,0.986
640,0.991
641,0.988
642,0.987
643,0.992
644,0.986
645,0.99
646,0.989
647,0.983
648,0.985
649,0.984
650,0.988
651,0.991
652,0.98
653,0.983
654,0.982
655,0.979
656,0.976
657,0.988
658,0.984
659,0.985
660,0.981
661,0.986
662,0.977
663,0.983
664,0.981
665,0.988
666,0.982
667,0.991
668,0.992
669,0.993
670,0.991
671,0.995
672,0.989
673,0.988
674,0.989
675,0.988
676,0.985
677,0.985
678,0.982
679,0.987
680,0.99
681,0.992
682,0.993
683,0.99
684,0.985
685,0.987
686,0.991
687,0.99
688,0.993
689,0.985
690,0.986
691,0.988
692,0.991
693,0.991
694,0.988
695,0.989
696,0.985
697,0.992
698,0.989
699,0.99
700,0.987
701,0.987
702,0.985
703,0.987
704,0.986
705,0.987
706,0.988
707,0.991
708,0.992
709,0.991
710,0.984
711,0.992
712,0.986
713,0.988
714,0.986
715,0.992
716,0.985
717,0.989
718,0.982
719,0.986
720,0.984
721,0.988
722,0.991
723,0.988
724,0.986
725,0.991
726,0.994
727,0.988
728,0.987
729,0.983
730,0.984
731,0.989
732,0.992
733,0.983
734,0.989
735,0.98
736,0.987
737,0.98
738,0.981
739,0.988
740,0.985
741,0.984
742,0.989
743,0.987
744,0.989
745,0.99
746,0.985
747,0.99
748,0.989
749,0.985
750,0.984
751,0.992
752,0.993
753,0.99
754,0.986
755,0.986
756,0.984
757,0.99
758,0.982
759,0.989
760,0.988
761,0.986
762,0.985
763,0.985
764,0.989
765,0.988
766,0.987
767,0.991
768,0.983
769,0.984
770,0.982
771,0.986
772,0.984
773,0.982
774,0.984
775,0.989
776,0.985
777,0.988
778,0.981
779,0.988
780,0.991
781,0.988
782,0.987
783,0.983
784,0.995
785,0.99
786,0.992
787,0.988
788,0.99
789,0.991
790,0.992
791,0.982
792,0.98
793,0.984
794,0.986
795,0.991
796,0.993
797,0.991
798,0.988
799,0.986
800,0.99
801,0.981
802,0.985
803,0.99
804,0.988
805,0.991
806,0.988
807,0.986
808,0.988
809,0.985
810,0.991
811,0.994
812,0.986
813,0.996
814,0.993
815,0.988
816,0.98
817,0.989
818,0.992
819,0.991
820,0.988
821,0.988
822,0.983
823,0.99
824,0.993
825,0.99
826,0.994
827,0.989
828,0.987
829,0.992
830,0.989
831,0.988
832,0.981
833,0.985
834,0.995
835,0.988
836,0.987
837,0.987
838,0.986
839,0.991
840,0.987
841,0.984
842,0.991
843,0.991
844,0.986
845,0.988
846,0.99
847,0.99
848,0.982
849,0.986
850,0.987
851,0.987
852,0.991
853,0.992
854,0.99
855,0.987
856,0.989
857,0.989
858,0.99
859,0.991
860,0.99
861,0.988
862,0.987
863,0.987
864,0.992
865,0.992
866,0.989
867,0.988
868,0.991
869,0.995
870,0.994
871,0.988
872,0.986
873,0.987
874,0.983
875,0.989
876,0.984
877,0.992
878,0.989
879,0.993
880,0.989
881,0.985
882,0.988
883,0.991
884,0.993
885,0.988
886,0.985
887,0.98
888,0.993
889,0.989
890,0.99
891,0.997
892,0.992
893,0.985
894,0.987
895,0.995
896,0.99
897,0.991
898,0.988
899,0.995
900,0.981
901,0.983
902,0.988
903,0.995
904,0.987
905,0.99
906,0.99
907,0.989
908,0.985
909,0.996
910,0.993
911,0.988
912,0.989
913,0.988
914,0.981
915,0.986
916,0.987
917,0.986
918,0.995
919,0.993
920,0.995
921,0.987
922,0.989
923,0.992
924,0.989
925,0.993
926,0.991
927,0.992
928,0.983
929,0.992
930,0.994
931,0.989
932,0.99
933,0.985
934,0.996
935,0.99
936,0.991
937,0.992
938,0.985
939,0.991
940,0.99
941,0.987
942,0.987
943,0.989
944,0.992
945,0.994
946,0.983
947,0.993
948,0.989
949,0.986
950,0.988
951,0.985
952,0.991
953,0.986
954,0.988
955,0.992
956,0.987
957,0.989
958,0.988
959,0.993
960,0.988
961,0.993
962,0.997
963,0.992
964,0.989
965,0.988
966,0.985
967,0.99
968,0.996
969,0.991
970,0.991
971,0.988
972,0.992
973,0.992
974,0.99
975,0.987
976,0.991
977,0.991
978,0.989
979,0.987
980,0.989
981,0.992
982,0.992
983,0.987
984,0.993
985,0.987
986,0.986
987,0.992
988,0.984
989,0.985
990,0.986
991,0.987
992,0.989
993,0.994
994,0.987
995,0.985
996,0.987
997,0.99
998,0.989
999,0.987
1000,0.989
1001,0.988
1002,0.987
1003,0.988
1004,0.988
1005,0.984
1006,0.987
1007,0.991
1008,0.985
1009,0.992
1010,0.989
1011,0.987
1012,0.981
1013,0.995
1014,0.987
1015,0.982
1016,0.989
1017,0.992
1018,0.993
1019,0.991
1020,0.988
1021,0.99
1022,0.989
1023,0.993
1024,0.988
1025,0.983
1026,0.984
1027,0.994
1028,0.983
1029,0.992
1030,0.984
1031,0.991
1032,0.991
1033,0.991
1034,0.993
1035,0.989
1036,0.99
1037,0.993
1038,0.992
1039,0.991
1040,0.991
1041,0.988
1042,0.995
1043,0.992
1044,0.993
1045,0.991
1046,0.995
1047,0.993
1048,0.996
1049,0.993
1050,0.992
1051,0.991
1052,0.991
1053,0.986
1054,0.992
1055,0.986
1056,0.984
1057,0.99
1058,0.994
1059,0.99
1060,0.99
1061,0.984
1062,0.993
1063,0.994
1064,0.993
1065,0.99
1066,0.992
1067,0.991
1068,0.99
1069,0.994
1070,0.993
1071,0.99
1072,0.99
1073,0.988
1074,0.99
1075,0.986
1076,0.99
1077,0.994
1078,0.987
1079,0.995
1080,0.989
1081,0.998
1082,0.99
1083,0.989
1084,0.99
1085,0.988
1086,0.989
1087,0.99
1088,0.99
1089,0.988
1090,0.994
1091,0.994
1092,0.99
1093,0.99
1094,0.994
1095,0.994
1096,0.991
1097,0.988
1098,0.985
1099,0.989
1100,0.988
1101,0.989
1102,0.993
1103,0.989
1104,0.991
1105,0.988
1106,0.992
1107,0.983
1108,0.991
1109,0.99
1110,0.991
1111,0.986
1112,0.991
1113,0.99
1114,0.989
1115,0.987
1116,0.991
1117,0.99
1118,0.989
1119,0.989
1120,0.993
1121,0.99
1122,0.988
1123,0.996
1124,0.991
1125,0.992
1126,0.986
1127,0.994
1128,0.986
1129,0.983
1130,0.989
1131,0.992
1132,0.987
1133,0.99
1134,0.987
1135,0.987
1136,0.994
1137,0.988
1138,0.99
1139,0.989
1140,0.988
1141,0.991
1142,0.993
1143,0.993
1144,0.984
1145,0.994
1146,0.99
1147,0.995
1148,0.99
1149,0.993
1150,0.994
1151,0.991
1152,0.986
1153,0.991
1154,0.992
1155,0.982
1156,0.985
1157,0.989
1158,0.989
1159,0.994
1160,0.99
1161,0.987
1162,0.993
1163,0.994
1164,0.991
1165,0.984
1166,0.983
1167,0.991
1168,0.99
1169,0.989
1170,0.99
1171,0.995
1172,0.989
1173,0.987
1174,0.993
1175,0.99
1176,0.989
1177,0.99
1178,0.985
1179,0.988
1180,0.992
1181,0.99
1182,0.991
1183,0.989
1184,0.993
1185,0.993
1186,0.989
1187,0.99
1188,0.988
1189,0.993
1190,0.993
1191,0.988
1192,0.992
1193,0.992
1194,0.991
1195,0.989
1196,0.99
1197,0.993
1198,0.993
1199,0.989
1200,0.991
1201,0.986
1202,0.992
1203,0.988
1204,0.989
1205,0.989
1206,0.989
1207,0.998
1208,0.991
1209,0.992
1210,0.991
1211,0.987
1212,0.989
1213,0.982
1214,0.988
1215,0.992
1216,0.993
1217,0.991
1218,0.991
1219,0.988
1220,0.994
1221,0.989
1222,0.988
1223,0.987
1224,0.987
1225,0.999
1226,0.991
1227,0.991
1228,0.993
1229,0.987
1230,0.984
1231,0.99
1232,0.99
1233,0.987
1234,0.989
1235,0.993
1236,0.991
1237,0.988
1238,0.99
1239,0.987
1240,0.988
1241,0.987
1242,0.991
1243,0.988
1244,0.987
1245,0.996
1246,0.984
1247,0.987
1248,0.988
1249,0.991
1250,0.992
1251,0.988
1252,0.989
1253,0.99
1254,0.99
1255,0.988
1256,0.987
1257,0.991
1258,0.987
1259,0.989
1260,0.987
1261,0.992
1262,0.991
1263,0.994
1264,0.993
1265,0.991
1266,0.991
1267,0.993
1268,0.989
1269,0.989
1270,0.991
1271,0.99
1272,0.991
1273,0.987
1274,0.986
1275,0.989
1276,0.99
1277,0.988
1278,0.993
1279,0.991
1280,0.993
1281,0.992
1282,0.99
1283,0.989
1284,0.992
1285,0.987
1286,0.985
1287,0.993
1288,0.99
1289,0.989
1290,0.988
1291,0.995
1292,0.985
1293,0.989
1294,0.993
1295,0.989
1296,0.991
1297,0.994
1298,0.985
1299,0.992
1300,0.993
1301,0.99
1302,0.987
1303,0.987
1304,0.99
1305,0.994
1306,0.99
1307,0.988
1308,0.988
1309,0.993
1310,0.984
1311,0.989
1312,0.99
1313,0.992
1314,0.983
1315,0.992
1316,0.992
1317,0.988
1318,0.987
1319,0.992
1320,0.99
1321,0.992
1322,0.995
1323,0.986
1324,0.994
1325,0.99
1326,0.985
1327,0.987
1328,0.99
1329,0.993
1330,0.992
1331,0.992
1332,0.99
1333,0.985
1334,0.984
1335,0.994
1336,0.994
1337,0.993
1338,0.982
1339,0.989
1340,0.993
1341,0.993
1342,0.993
1343,0.993
1344,0.987
1345,0.994
1346,0.99
1347,0.987
1348,0.991
1349,0.987
1350,0.986
1351,0.994
1352,0.996
1353,0.991
1354,0.987
1355,0.984
1356,0.991
1357,0.99
1358,0.986
1359,0.991
1360,0.991
1361,0.99
1362,0.997
1363,0.99
1364,0.991
1365,0.99
1366,0.997
1367,0.993
1368,0.994
1369,0.98
1370,0.982
1371,0.987
1372,0.989
1373,0.983
1374,0.987
1375,0.986
1376,0.981
1377,0.993
1378,0.992
1379,0.99
1380,0.99
1381,0.983
1382,0.995
1383,0.988
1384,0.992
1385,0.993
1386,0.993
1387,0.987
1388,0.989
1389,0.987
1390,0.986
1391,0.993
1392,0.992
1393,0.984
1394,0.991
1395,0.988
1396,0.988
1397,0.992
1398,0.992
1399,0.989
1400,0.984
1401,0.991
1402,0.994
1403,0.984
1404,0.991
1405,0.99
1406,0.991
1407,0.986
1408,0.992
1409,0.989
1410,0.993
1411,0.99
1412,0.989
1413,0.989
1414,0.989
1415,0.987
1416,0.989
1417,0.993
1418,0.994
1419,0.993
1420,0.989
1421,0.991
1422,0.985
1423,0.991
1424,0.987
1425,0.993
1426,0.991
1427,0.99
1428,0.994
1429,0.985
1430,0.987
1431,0.987
1432,0.995
1433,0.989
1434,0.987
1435,0.989
1436,0.993
1437,0.988
1438,0.985
1439,0.993
1440,0.987
1441,0.991
1442,0.987
1443,0.99
1444,0.987
1445,0.991
1446,0.996
1447,0.991
1448,0.992
1449,0.982
1450,0.989
1451,0.989
1452,0.989
1453,0.987
1454,0.993
1455,0.993
1456,0.99
1457,0.99
1458,0.994
1459,0.992
1460,0.994
1461,0.987
1462,0.984
1463,0.994
1464,0.992
1465,0.985
1466,0.994
1467,0.99
1468,0.993
1469,0.988
1470,0.984
1471,0.991
1472,0.991
1473,0.99
1474,0.992
1475,0.991
1476,0.991
1477,0.987
1478,0.993
1479,0.985
1480,0.992
1481,0.99
1482,0.993
1483,0.987
1484,0.991
1485,0.992
1486,0.998
1487,0.985
1488,0.992
1489,0.992
1490,0.994
1491,0.996
1492,0.994
1493,0.992
1494,0.991
1495,0.991
1496,0.995
1497,0.993
1498,0.992
1499,0.992
1500,0.993
1501,0.988
1502,0.985
1503,0.993
1504,0.986
1505,0.991
1506,0.988
1507,0.986
1508,0.991
1509,0.985
1510,0.99
1511,0.985
1512,0.986
1513,0.983
1514,0.993
1515,0.992
1516,0.993
1517,0.988
1518,0.982
1519,0.991
1520,0.993
1521,0.996
1522,0.991
1523,0.984
1524,0.99
1525,0.995
1526,0.992
1527,0.988
1528,0.99
1529,0.992
1530,0.993
1531,0.992
1532,0.988
1533,0.994
1534,0.99
1535,0.983
1536,0.993
1537,0.991
1538,0.99
1539,0.992
1540,0.987
1541,0.988
1542,0.986
1543,0.985
1544,0.987
1545,0.99
1546,0.984
1547,0.989
1548,0.989
1549,0.99
1550,0.99
1551,0.992
1552,0.982
1553,0.991
1554,0.99
1555,0.994
1556,0.988
1557,0.99
1558,0.989
1559,0.998
1560,0.995
1561,0.993
1562,0.988
1563,0.995
1564,0.991
1565,0.987
1566,0.991
1567,0.99
1568,0.988
1569,0.986
1570,0.989
1571,0.992
1572,0.991
1573,0.988
1574,0.992
1575,0.987
1576,0.995
1577,0.993
1578,0.984
1579,0.984
1580,0.988
1581,0.982
1582,0.988
1583,0.989
1584,0.988
1585,0.988
1586,0.991
1587,0.988
1588,0.992
1589,0.994
1590,0.989
1591,0.994
1592,0.988
1593,0.988
1594,0.996
1595,0.993
1596,0.996
1597,0.988
1598,0.987
1599,0.993
1600,0.993
1601,0.986
1602,0.991
1603,0.988
1604,0.988
1605,0.992
1606,0.994
1607,0.985
1608,0.992
1609,0.987
1610,0.993
1611,0.984
1612,0.989
1613,0.991
1614,0.992
1615,0.986
1616,0.994
1617,0.99
1618,0.987
1619,0.988
1620,0.994
1621,0.989
1622,0.991
1623,0.994
1624,0.987
1625,0.989
1626,0.989
1627,0.992
1628,0.991
1629,0.994
1630,0.99
1631,0.991
1632,0.989
1633,0.986
1634,0.995
1635,0.987
1636,0.987
1637,0.99
1638,0.994
1639,0.992
1640,0.991
1641,0.989
1642,0.988
1643,0.993
1644,0.982
1645,0.991
1646,0.986
1647,0.993
1648,0.987
1649,0.984
1650,0.991
1651,0.988
1652,0.993
1653,0.989
1654,0.99
1655,0.989
1656,0.991
1657,0.988
1658,0.986
1659,0.991
1660,0.991
1661,0.992
1662,0.991
1663,0.989
1664,0.989
1665,0.989
1666,0.991
1667,0.986
1668,0.992
1669,0.988
1670,0.988
1671,0.994
1672,0.987
1673,0.994
1674,0.993
1675,0.988
1676,0.988
1677,0.987
1678,0.994
1679,0.988
1680,0.992
1681,0.987
1682,0.985
1683,0.991
1684,0.988
1685,0.988
1686,0.991
1687,0.993
1688,0.992
1689,0.99
1690,0.994
1691,0.987
1692,0.987
1693,0.984
1694,0.988
1695,0.986
1696,0.993
1697,0.994
1698,0.99
1699,0.993
1700,0.992
1701,0.992
1702,0.992
1703,0.992
1704,0.99
1705,0.992
1706,0.986
1707,0.989
1708,0.991
1709,0.989
1710,0.991
1711,0.984
1712,0.991
1713,0.988
1714,0.993
1715,0.988
1716,0.994
1717,0.992
1718,0.994
1719,0.991
1720,0.988
1721,0.991
1722,0.986
1723,0.988
1724,0.997
1725,0.989
1726,0.994
1727,0.989
1728,0.992
1729,0.984
1730,0.987
1731,0.995
1732,0.989
1733,0.989
1734,0.988
1735,0.991
1736,0.994
1737,0.983
1738,0.986
1739,0.987
1740,0.989
1741,0.991
1742,0.992
1743,0.991
1744,0.991
1745,0.986
1746,0.99
1747,0.993
1748,0.994
1749,0.987
1750,0.984
1751,0.99
1752,0.99
1753,0.993
1754,0.989
1755,0.996
1756,0.985
1757,0.987
1758,0.987
1759,0.995
1760,0.992
1761,0.991
1762,0.993
1763,0.992
1764,0.993
1765,0.99
1766,0.989
1767,0.992
1768,0.985
1769,0.987
1770,0.983
1771,0.988
1772,0.991
1773,0.991
1774,0.988
1775,0.99
1776,0.99
1777,0.987
1778,0.993
1779,0.991
1780,0.982
1781,0.992
1782,0.991
1783,0.987
1784,0.993
1785,0.987
1786,0.992
1787,0.988
1788,0.99
1789,0.991
1790,0.994
1791,0.991
1792,0.99
1793,0.991
1794,0.99
1795,0.991
1796,0.99
1797,0.989
1798,0.986
1799,0.991
1800,0.989
1801,0.995
1802,0.989
1803,0.995
1804,0.987
1805,0.995
1806,0.99
1807,0.992
1808,0.995
1809,0.988
1810,0.984
1811,0.989
1812,0.993
1813,0.99
1814,0.991
1815,0.991
1816,0.989
1817,0.988
1818,0.992
1819,0.994
1820,0.988
1821,0.99
1822,0.994
1823,0.99
1824,0.989
1825,0.991
1826,0.988
1827,0.993
1828,0.995
1829,0.993
1830,0.986
1831,0.987
1832,0.996
1833,0.993
1834,0.987
1835,0.988
1836,0.987
1837,0.99
1838,0.991
1839,0.988
1840,0.99
1841,0.99
1842,0.99
1843,0.992
1844,0.988
1845,0.988
1846,0.992
1847,0.988
1848,0.994
1849,0.987
1850,0.988
1851,0.994
1852,0.988
1853,0.987
1854,0.991
1855,0.981
1856,0.991
1857,0.989
1858,0.991
1859,0.993
1860,0.992
1861,0.992
1862,0.988
1863,0.987
1864,0.989
1865,0.989
1866,0.992
1867,0.986
1868,0.985
1869,0.995
1870,0.987
1871,0.982
1872,0.985
1873,0.994
1874,0.992
1875,0.987
1876,0.991
1877,0.99
1878,0.987
1879,0.992
1880,0.988
1881,0.989
1882,0.986
1883,0.99
1884,0.986
1885,0.988
1886,0.991
1887,0.989
1888,0.994
1889,0.991
1890,0.994
1891,0.992
1892,0.989
1893,0.985
1894,0.99
1895,0.989
1896,0.994
1897,0.989
1898,0.988
1899,0.991
1900,0.985
1901,0.989
1902,0.991
1903,0.989
1904,0.987
1905,0.989
1906,0.99
1907,0.993
1908,0.987
1909,0.988
1910,0.986
1911,0.99
1912,0.996
1913,0.996
1914,0.986
1915,0.993
1916,0.985
1917,0.986
1918,0.984
1919,0.994
1920,0.992
1921,0.987
1922,0.987
1923,0.993
1924,0.998
1925,0.993
1926,0.991
1927,0.993
1928,0.99
1929,0.992
1930,0.991
1931,0.985
1932,0.987
1933,0.989
1934,0.99
1935,0.988
1936,0.986
1937,0.992
1938,0.992
1939,0.992
1940,0.993
1941,0.987
1942,0.986
1943,0.99
1944,0.991
1945,0.991
1946,0.99
1947,0.987
1948,0.994
1949,0.989
1950,0.993
1951,0.99
1952,0.987
1953,0.986
1954,0.991
1955,0.991
1956,0.992
1957,0.989
1958,0.989
1959,0.994
1960,0.994
1961,0.992
1962,0.988
1963,0.99
1964,0.986
1965,0.989
1966,0.992
1967,0.993
1968,0.996
1969,0.992
1970,0.984
1971,0.99
1972,0.989
1973,0.987
1974,0.991
1975,0.99
1976,0.994
1977,0.984
1978,0.995
1979,0.986
1980,0.99
1981,0.987
1982,0.988
1983,0.992
1984,0.988
1985,0.99
1986,0.996
1987,0.986
1988,0.991
1989,0.986
1990,0.984
1991,0.989
1992,0.994
1993,0.985
1994,0.989
1995,0.991
1996,0.987
1997,0.985
1998,0.995
1999,0.985
2000,0.991
2001,0.989
2002,0.988
2003,0.992
2004,0.988
2005,0.993
2006,0.991
2007,0.994
2008,0.992
2009,0.99
2010,0.99
2011,0.983
2012,0.986
2013,0.988
2014,0.991
2015,0.989
2016,0.993
2017,0.987
2018,0.991
2019,0.985
2020,0.993
2021,0.988
2022,0.991
2023,0.989
2024,0.993
2025,0.994
2026,0.989
2027,0.996
2028,0.986
2029,0.992
2030,0.99
2031,0.989
2032,0.988
2033,0.991
2034,0.984
2035,0.992
2036,0.992
2037,0.994
2038,0.996
2039,0.992
2040,0.994
2041,0.992
2042,0.991
2043,0.994
2044,0.989
2045,0.99
2046,0.988
2047,0.988
2048,0.981
2049,0.988
2050,0.986
2051,0.994
2052,0.994
2053,0.992
2054,0.989
2055,0.99
2056,0.988
2057,0.989
2058,0.988
2059,0.99
2060,0.994
2061,0.988
2062,0.996
2063,0.989
2064,0.993
2065,0.994
2066,0.992
2067,0.989
2068,0.989
2069,0.992
2070,0.988
2071,0.984
2072,0.991
2073,0.989
2074,0.982
2075,0.991
2076,0.986
2077,0.987
2078,0.993
2079,0.995
2080,0.991
2081,0.989
2082,0.985
2083,0.991
2084,0.993
2085,0.989
2086,0.989
2087,0.987
2088,0.994
2089,0.995
2090,0.988
2091,0.998
2092,0.989
2093,0.992
2094,0.984
2095,0.986
2096,0.99
2097,0.989
2098,0.992
2099,0.982
2100,0.993
2101,0.996
2102,0.992
2103,0.993
2104,0.993
2105,0.992
2106,0.992
2107,0.995
2108,0.991
2109,0.992
2110,0.989
2111,0.995
2112,0.996
2113,0.991
2114,0.99
2115,0.994
2116,0.994
2117,0.989
2118,0.992
2119,0.992
2120,0.996
2121,0.991
2122,0.993
2123,0.988
2124,0.987
2125,0.986
2126,0.992
2127,0.988
2128,0.99
2129,0.99
2130,0.992
2131,0.986
2132,0.992
2133,0.988
2134,0.992
2135,0.992
2136,0.991
2137,0.995
2138,0.988
2139,0.988
2140,0.989
2141,0.991
2142,0.992
2143,0.988
2144,0.991
2145,0.989
2146,0.993
2147,0.988
2148,0.992
2149,0.991
2150,0.992
2151,0.993
2152,0.99
2153,0.994
2154,0.993
2155,0.993
2156,0.992
2157,0.988
2158,0.989
2159,0.997
2160,0.992
2161,0.987
2162,0.991
2163,0.99
2164,0.995
2165,0.989
2166,0.995
2167,0.992
2168,0.992
2169,0.989
2170,0.995
2171,0.99
2172,0.992
2173,0.987
2174,0.992
2175,0.989
2176,0.99
2177,0.99
2178,0.993
2179,0.993
2180,0.992
2181,0.993
2182,0.987
2183,0.991
2184,0.993
2185,0.994
2186,0.987
2187,0.988
2188,0.996
2189,0.987
2190,0.993
2191,0.987
2192,0.985
2193,0.985
2194,0.992
2195,0.983
2196,0.99
2197,0.99
2198,0.99
2199,0.996
2200,0.989
2201,0.992
2202,0.989
2203,0.992
2204,0.988
2205,0.989
2206,0.991
2207,0.988
2208,0.993
2209,0.994
2210,0.994
2211,0.991
2212,0.99
2213,0.993
2214,0.991
2215,0.993
2216,0.992
2217,0.991
2218,0.987
2219,0.99
2220,0.993
2221,0.989
2222,0.993
2223,0.986
2224,0.985
2225,0.989
2226,0.992
2227,0.994
2228,0.988
2229,0.992
2230,0.988
2231,0.992
2232,0.979
2233,0.994
2234,0.989
2235,0.99
2236,0.987
2237,0.993
2238,0.99
2239,0.99
2240,0.99
2241,0.99
2242,0.982
2243,0.991
2244,0.991
2245,0.991
2246,0.986
2247,0.991
2248,0.989
2249,0.987
2250,0.996
2251,0.991
2252,0.992
2253,0.99
2254,0.994
2255,0.991
2256,0.994
2257,0.989
2258,0.987
2259,0.985
2260,0.984
2261,0.993
2262,0.984
2263,0.991
2264,0.991
2265,0.987
2266,0.99
2267,0.995
2268,0.985
2269,0.986
2270,0.989
2271,0.983
2272,0.992
2273,0.99
2274,0.991
2275,0.994
2276,0.991
2277,0.986
2278,0.993
2279,0.989
2280,0.989
2281,0.993
2282,0.988
2283,0.993
2284,0.985
2285,0.99
2286,0.986
2287,0.987
2288,0.984
2289,0.988
2290,0.991
2291,0.991
2292,0.988
2293,0.986
2294,0.991
2295,0.99
2296,0.988
2297,0.994
2298,0.985
2299,0.989
2300,0.989
2301,0.987
2302,0.986
2303,0.989
2304,0.991
2305,0.987
2306,0.997
2307,0.986
2308,0.988
2309,0.991
2310,0.987
2311,0.991
2312,0.992
2313,0.989
2314,0.997
2315,0.991
2316,0.994
2317,0.991
2318,0.991
2319,0.992
2320,0.991
2321,0.983
2322,0.992
2323,0.992
2324,0.994
2325,0.986
2326,0.99
2327,0.991
2328,0.991
2329,0.991
2330,0.996
2331,0.988
2332,0.988
2333,0.985
2334,0.988
2335,0.994
2336,0.993
2337,0.99
2338,0.99
2339,0.99
2340,0.991
2341,0.992
2342,0.988
2343,0.984
2344,0.991
2345,0.996
2346,0.992
2347,0.986
2348,0.992
2349,0.986
2350,0.986
2351,0.994
2352,0.993
2353,0.988
2354,0.994
2355,0.989
2356,0.995
2357,0.983
2358,0.99
2359,0.992
2360,0.989
2361,0.989
2362,0.993
2363,0.996
2364,0.998
2365,0.995
2366,0.993
2367,0.985
2368,0.991
2369,0.99
2370,0.992
2371,0.994
2372,0.99
2373,0.992
2374,0.993
2375,0.993
2376,0.995
2377,0.993
2378,0.984
2379,0.988
2380,0.987
2381,0.988
2382,0.987
2383,0.993
2384,0.994
2385,0.989
2386,0.992
2387,0.989
2388,0.992
2389,0.986
2390,0.99
2391,0.992
2392,0.989
2393,0.993
2394,0.994
2395,0.986
2396,0.986
2397,0.989
2398,0.989
2399,0.988
2400,0.988
2401,0.991
2402,0.988
2403,0.993
2404,0.994
2405,0.992
2406,0.992
2407,0.99
2408,0.99
2409,0.988
2410,0.991
2411,0.992
2412,0.99
2413,0.992
2414,0.989
2415,0.991
2416,0.987
2417,0.991
2418,0.994
2419,0.993
2420,0.987
2421,0.987
2422,0.99
2423,0.991
2424,0.985
2425,0.987
2426,0.991
2427,0.993
2428,0.993
2429,0.99
2430,0.995
2431,0.991
2432,0.986
2433,0.988
2434,0.993
2435,0.988
2436,0.997
2437,0.986
2438,0.992
2439,0.986
2440,0.989
2441,0.99
2442,0.988
2443,0.994
2444,0.995
2445,0.991
2446,0.997
2447,0.995
2448,0.988
2449,0.988
2450,0.993
2451,0.984
2452,0.986
2453,0.99
2454,0.992
2455,0.985
2456,0.987
2457,0.989
2458,0.991
2459,0.986
2460,0.992
2461,0.993
2462,0.986
2463,0.994
2464,0.986
2465,0.993
2466,0.994
2467,0.986
2468,0.995
2469,0.99
2470,0.988
2471,0.99
2472,0.993
2473,0.989
2474,0.989
2475,0.986
2476,0.993
2477,0.991
2478,0.991
2479,0.991
2480,0.987
2481,0.983
2482,0.988
2483,0.99
2484,0.984
2485,0.995
2486,0.988
2487,0.987
2488,0.99
2489,0.989
2490,0.989
2491,0.991
2492,0.995
2493,0.989
2494,0.992
2495,0.986
2496,0.985
2497,0.993
2498,0.989
2499,0.991
2500,0.991
